{
  "title": "Enterprise Waterfall",
  "artist": "Dylan Beattie and the Linebreakers",
  "genres": ["parody", "pop rock", "prog rock", "rock"],
  "lyrics": "We don’t test our integrations\\nWe don’t use no source control\\nWe can’t deploy things to production\\nWe check our email, then go home\\nHey! Coders! Email and go home!\\n\\nAll in all it’s just an…\\nEnterprise waterfall",
  "music": "\"Another Brick In The Wall (Part 2)\" by Pink Floyd",
  "year": 2017,
  "duration": 184,
  "link": "https://www.youtube.com/watch?v=Mq1MD5qXI08"
}
