{
  "title": "Teams",
  "artist": "Dylan Beattie and the Linebreakers",
  "genres": ["downtempo", "electronic", "parody", "rock", "trip hop"],
  "lyrics": "Forget Slack,\\nForget Slack,\\nCompany meeting, everybody’s out of sync,\\nI’m trying to join,\\nclicking on, clicking on this link, this link\\n\\nIs it Teams,\\n‘cos I don’t feel like I can deal,\\nWith all the broken login schemes,\\nThe UI is gonna make you scream,\\n\\nYou know your Discords from your Slacks,\\nYou know your email from your fax,\\nYou remember IRC, NNTP and Jabber too,\\nYou know your Jitsi from your Meet,\\nYour virtual background’s pretty neat,\\nWhen all the other tools are down, there’s always gather.town, and ICQ\\n\\nYou know your way around online,\\nYou know your Hopin from your PINE,\\nYou know the time in Amsterdam, Seattle, Milan, and Timbuktu\\nYou speak at virtual events,\\nCan’t even see your audience,\\nIt’s like you’re talking to the void, it’ll leave you paranoid and feeling blue,\\n\\nEverybody Facetime, Telegram, Signal, Chime,\\nWebcam, microphone, Sat at home, all alone,\\nZoom, shake, head ache, find a way to stay awake,\\nSeven hours without a break, This is more than I can take!\\n\\nWe’re working in Teams, baby,\\nYeah we’re working in Teams, around here now,\\nYeah, we’re living in the future\\nAnd believing all the hype,\\nJust don’t ask any questions\\nAbout what happened to Skype,\\nWe’re shipping all our features\\nGot to hit that milestone,\\nGotta keep talking, talking, talking\\nbut no-one’s talking on the phone,\\nWe’re on Teams, baby,\\nWe’re running on Teams around here now…\\nOn 365\\nOn 365\\nJust gimme some Teams",
  "music": "\"Steam\" by Peter Gabriel",
  "year": 2021,
  "duration": 285,
  "link": "https://www.youtube.com/watch?v=wRtKpfKwjKY"
}
